"LSOA11CD","imd_rank","imd_score","income","employment","education","health","crime","housing","living_env","idaci","idaopi"
"E01006512",10518,25.61,0.1,0.08,10.06,1.19,-0.2,24.49,68.91,0.16,0.31
"E01006513",10339,25.91,0.04,0.03,20.13,0.58,1.5,25.15,85.48,0.21,0.2
"E01006514",5247,37.64,0.19,0.15,15.5,1.86,0.74,21.85,58.9,0.23,0.48
"E01006515",1019,58.99,0.43,0.3,33.51,1.9,1.16,17.4,29.78,0.46,0.76
"E01006518",662,63.37,0.43,0.34,49.9,2.24,0.67,15.52,31.03,0.5,0.52
"E01006519",23033,10.98,0.05,0.08,1.76,0.26,0.11,11.37,26.35,0.05,0.08
"E01006520",3867,42.18,0.24,0.21,11.41,1.6,1.34,16.58,53.38,0.21,0.52
"E01006521",8908,28.52,0.17,0.17,13.02,1.07,0.56,9.97,39.68,0.21,0.24
"E01006522",2731,47.32,0.27,0.23,29.18,2.22,1.07,12.49,41.95,0.4,0.48
"E01006523",5351,37.32,0.25,0.2,9.09,1.65,0.68,14.61,42.39,0.29,0.39
"E01006524",24024,10.15,0.05,0.03,6.4,0.57,-0.3,19.78,22.26,0.09,0.17
"E01006525",23149,10.87,0.06,0.08,4.05,0.21,-0.27,13.06,25.97,0.05,0.07
"E01006526",14735,19.38,0.11,0.12,5.34,0.87,0.25,7.09,33.07,0.07,0.22
"E01006527",15258,18.77,0.15,0.12,7.42,0.9,-0.79,9.36,24.41,0.16,0.26
"E01006528",9881,26.71,0.16,0.14,13.85,1.02,0.15,13.67,48.56,0.21,0.26
"E01006529",19679,13.95,0.09,0.09,3.93,0.56,-0.83,3.67,38.73,0.06,0.19
"E01006530",22517,11.41,0.09,0.09,7.05,0.3,-0.56,5.06,15.98,0.12,0.11
"E01006531",22878,11.12,0.1,0.08,5.97,0.4,-0.99,8.2,15.88,0.07,0.15
"E01006532",25698,8.8,0.04,0.07,1.73,0.05,-0.2,20.91,16.5,0.03,0.09
"E01006533",9666,27.11,0.17,0.17,15.45,1.1,0.03,21.09,21.14,0.13,0.25
"E01006534",9213,27.93,0.18,0.18,21.87,1.23,-0.07,12.33,21.52,0.18,0.26
"E01006535",7155,32.4,0.2,0.18,23.78,1.63,0.27,10.87,27.62,0.17,0.3
"E01006536",4616,39.61,0.26,0.24,36.4,1.55,-0.17,11.29,27.4,0.33,0.31
"E01006537",11456,23.95,0.16,0.12,20.35,0.61,-0.24,12.41,51.6,0.28,0.13
"E01006538",13612,20.82,0.14,0.13,19.75,0.81,-0.6,3.33,29.84,0.15,0.19
"E01006539",21200,12.51,0.07,0.1,2.72,0.41,-0.16,14.98,20.4,0.06,0.09
"E01006540",48,78.55,0.48,0.41,62.28,3.02,1.48,18.1,51.82,0.49,0.5
"E01006541",2615,47.93,0.27,0.25,38.22,1.47,1.67,13.31,38.1,0.33,0.31
"E01006542",1167,57.46,0.31,0.29,39.29,1.59,1.82,12.55,58.04,0.43,0.29
"E01006543",10457,25.71,0.13,0.12,25.18,0.68,1,6.89,40.19,0.16,0.19
"E01006544",632,63.7,0.39,0.33,51.95,2.16,1.26,12.43,35.47,0.45,0.41
"E01006545",3829,42.33,0.24,0.22,36.14,1.43,0.77,6.16,58.92,0.31,0.22
"E01006546",747,62.12,0.37,0.28,47.41,1.62,1.71,8.82,66.9,0.53,0.27
"E01006547",50,78.44,0.43,0.4,59.31,2.48,1.8,11.38,71.78,0.54,0.39
"E01006548",404,67.34,0.39,0.31,43.96,2.3,1.34,13.09,66.5,0.47,0.37
"E01006549",2903,46.38,0.25,0.23,10.16,1.8,0.85,27.21,64.79,0.29,0.39
"E01006550",14077,20.18,0.11,0.07,3.27,1.23,0.14,12.89,49.13,0.4,0.37
"E01006551",4819,38.93,0.27,0.21,24.63,1.83,0.21,22.79,23.87,0.4,0.45
"E01006552",1432,55.26,0.4,0.25,46.04,1.26,1.04,27.75,46.15,0.45,0.53
"E01006553",14677,19.47,0.11,0.07,9.75,0.72,0.14,9.68,55.1,0.21,0.3
"E01006554",10277,26.02,0.13,0.13,2.21,1.23,0.16,15.27,59.07,0.06,0.29
"E01006556",178,72.58,0.45,0.31,70.15,2.3,1.33,19.81,52.19,0.51,0.6
"E01006557",14804,19.27,0.09,0.05,15.88,0.76,0.21,14.34,56.86,0.3,0.27
"E01006558",90,75.78,0.46,0.41,51.16,2.83,1.17,14.89,65.23,0.58,0.38
"E01006560",248,70.7,0.45,0.44,56.06,2.61,1.12,20.32,17.59,0.38,0.55
"E01006562",121,74.57,0.44,0.39,74.21,2.24,1.36,15.68,40.74,0.49,0.41
"E01006563",44,78.84,0.53,0.43,64.57,2.73,1.8,19.02,30.82,0.65,0.52
"E01006564",3292,44.55,0.3,0.26,42.52,1.68,0.35,15.88,17.95,0.36,0.35
"E01006565",3478,43.74,0.25,0.22,34.06,1.56,1.26,8.73,45.05,0.26,0.34
"E01006566",10511,25.62,0.15,0.14,13.67,1.08,0.41,9.13,39.55,0.18,0.24
"E01006567",3039,45.68,0.29,0.27,38.97,1.72,0.35,15.47,28.6,0.3,0.35
"E01006568",7879,30.75,0.2,0.17,17.83,1.31,-0.05,27.97,25.29,0.19,0.31
"E01006569",1522,54.64,0.31,0.28,44.35,1.69,1.4,14.78,46.42,0.34,0.4
"E01006570",13018,21.57,0.12,0.15,13.29,0.84,-0.16,9.6,33.6,0.14,0.14
"E01006571",1301,56.32,0.33,0.3,48.95,1.72,1.3,9.98,45.48,0.36,0.42
"E01006572",513,65.33,0.46,0.34,68.29,1.98,0.66,10.11,19.8,0.62,0.42
"E01006573",2528,48.41,0.34,0.26,27.28,1.53,0.47,8.95,55.78,0.41,0.41
"E01006574",1665,53.49,0.37,0.31,37.55,1.8,0.72,7.1,29.79,0.36,0.54
"E01006575",6760,33.39,0.2,0.18,26.4,1.13,0.72,15.24,36.75,0.25,0.24
"E01006576",16809,16.94,0.09,0.09,11.36,0.29,0.22,10.22,42.6,0.13,0.13
"E01006577",19826,13.81,0.07,0.1,5.92,0,0.29,7.11,35.16,0.05,0.11
"E01006578",17639,15.99,0.09,0.1,11.46,0.51,-0.47,7.76,36.55,0.11,0.15
"E01006579",22488,11.43,0.08,0.08,6.31,-0.01,-0.27,8.29,32.16,0.08,0.12
"E01006580",22708,11.25,0.07,0.08,3.9,0.54,0.01,8.65,13.65,0.1,0.11
"E01006581",25651,8.84,0.07,0.07,3.27,-0.19,-0.29,3.72,25.89,0.05,0.13
"E01006582",27764,7.18,0.05,0.06,1.95,-0.48,-0.15,6.26,25.77,0.04,0.08
"E01006583",32090,3.03,0.02,0.03,2.46,-0.37,-1.13,10.56,10.69,0.02,0.04
"E01006584",10898,24.95,0.11,0.16,12.42,0.55,0.71,13.19,45.17,0.06,0.15
"E01006585",1638,53.75,0.36,0.31,43.34,2.08,0.06,14.91,27.23,0.33,0.47
"E01006586",5727,36.11,0.23,0.21,24.43,1.48,0.34,16.56,33.1,0.23,0.36
"E01006587",9804,26.84,0.18,0.18,15.98,0.89,0.36,17.58,23.46,0.16,0.24
"E01006588",6776,33.36,0.21,0.18,6.68,1.55,0.22,7.01,55.89,0.16,0.38
"E01006589",21457,12.3,0.08,0.09,7.34,0.2,-0.24,3.33,23.09,0.08,0.12
"E01006590",14362,19.87,0.11,0.11,3.87,0.45,0.04,6.24,56.68,0.13,0.2
"E01006591",20647,13.03,0.08,0.07,3.38,0.18,-0.5,3.31,50.09,0.07,0.14
"E01006592",27185,7.65,0.06,0.07,0.9,-0.27,-0.61,7.48,26.48,0.07,0.09
"E01006593",13499,20.96,0.12,0.1,16.4,0.72,-0.07,5.9,47.82,0.16,0.22
"E01006594",27937,7.03,0.05,0.07,2.24,-0.22,-2.07,16.62,19.77,0.03,0.1
"E01006595",18567,15.07,0.11,0.1,6.26,0.47,-0.71,6.54,35.39,0.14,0.19
"E01006596",19302,14.34,0.09,0.12,3.48,0.32,-0.08,5.67,24.55,0.08,0.12
"E01006597",26785,7.97,0.05,0.06,0.98,0.04,-0.4,12.76,25.21,0.03,0.1
"E01006598",574,64.45,0.45,0.34,50.57,2.14,0.89,15.19,25.36,0.52,0.48
"E01006599",911,60.26,0.42,0.26,73.88,1.63,1,18.1,26.6,0.52,0.47
"E01006600",1824,52.36,0.34,0.29,43.82,1.82,0.74,10.28,32.9,0.46,0.37
"E01006603",1972,51.48,0.34,0.26,41.98,1.84,0.89,14.53,37.15,0.46,0.45
"E01006604",2070,50.89,0.29,0.27,49.51,1.83,0.71,13.18,45.45,0.37,0.34
"E01006605",2043,51.09,0.32,0.28,42.66,1.72,0.97,13.36,31.48,0.37,0.44
"E01006606",2521,48.44,0.29,0.25,37.62,1.71,1.14,12.75,41.68,0.33,0.36
"E01006607",1608,53.98,0.37,0.29,63.12,1.61,0.31,9.12,30.41,0.43,0.4
"E01006608",4203,41.05,0.27,0.21,27.64,1.48,0.58,12.1,53.6,0.29,0.37
"E01006609",2038,51.11,0.32,0.28,34.1,1.66,0.84,6.85,57.24,0.5,0.26
"E01006610",427,67,0.39,0.3,39.59,2.33,1.56,9.66,71.85,0.47,0.49
"E01006611",24,81.53,0.44,0.39,70.94,2.31,1.91,12.71,75.73,0.5,0.39
"E01006612",595,64.18,0.42,0.38,53.84,2.2,0.78,15.32,19.43,0.5,0.43
"E01006613",2179,50.27,0.29,0.26,34.19,1.49,1.61,10.25,48.98,0.3,0.4
"E01006614",1216,57.09,0.33,0.28,35.82,1.6,1.57,9.91,67.68,0.43,0.3
"E01006615",946,59.72,0.36,0.31,46.09,1.76,1.21,10.36,52.77,0.49,0.42
"E01006616",3316,44.45,0.28,0.25,33.59,1.48,1.01,14.33,35.71,0.31,0.33
"E01006617",11656,23.65,0.14,0.14,11.11,0.92,0.69,7.14,28.01,0.16,0.23
"E01006618",3945,41.89,0.28,0.23,32.53,1.2,0.67,17.89,45.92,0.36,0.37
"E01006619",11532,23.83,0.14,0.14,13.8,0.6,0.25,3.94,51.1,0.18,0.18
"E01006620",12779,21.96,0.15,0.13,9.34,1.05,0.15,8.16,28.1,0.1,0.22
"E01006621",18166,15.48,0.08,0.09,6.57,0.09,0.77,15.15,27.62,0.08,0.12
"E01006622",25530,8.93,0.06,0.06,7.73,-0.29,-0.18,5.18,28.31,0.06,0.09
"E01006623",20374,13.29,0.08,0.11,12.59,0.4,-0.92,13.16,15.63,0.08,0.12
"E01006624",4306,40.71,0.25,0.24,30.32,1.61,0.43,23.42,21.57,0.28,0.29
"E01006625",14501,19.71,0.14,0.12,13.32,0.75,-0.41,3.15,33.82,0.16,0.2
"E01006626",11083,24.59,0.15,0.16,12.82,0.85,0.43,8.24,35.43,0.16,0.22
"E01006627",8895,28.55,0.16,0.15,20.02,0.97,1.03,9.99,32.04,0.13,0.24
"E01006628",12958,21.67,0.13,0.11,6.68,0.87,-0.22,22.71,42.29,0.16,0.29
"E01006629",8693,29.01,0.19,0.18,20.51,1.21,-0.06,16.57,24.28,0.28,0.29
"E01006630",241,70.93,0.45,0.39,73.4,2.42,0.92,20.97,11.49,0.5,0.53
"E01006632",1500,54.77,0.36,0.3,49.19,1.88,0.39,15.38,31.71,0.48,0.4
"E01006633",462,66.3,0.44,0.36,75.77,2.02,0.01,16.33,26.85,0.45,0.58
"E01006637",1711,53.1,0.4,0.31,43.78,1.51,0.38,14.43,22.96,0.42,0.52
"E01006638",301,69.21,0.45,0.36,80.6,1.97,0.85,13.53,22.94,0.57,0.49
"E01006639",9999,26.51,0.2,0.16,28.87,0.77,0.16,13.89,15.36,0.3,0.25
"E01006640",13197,21.35,0.15,0.15,16.67,0.78,-0.29,12.02,18.5,0.12,0.2
"E01006641",12909,21.74,0.12,0.11,17.73,1.48,0.03,10.26,15.79,0.09,0.37
"E01006642",584,64.31,0.42,0.33,68.99,2.16,0.72,12.75,21.72,0.47,0.48
"E01006643",1560,54.32,0.38,0.27,51.48,1.88,0.84,12.68,27.45,0.47,0.43
"E01006644",2637,47.8,0.31,0.27,39.14,2.11,0.46,12.46,23.36,0.3,0.48
"E01006645",375,67.87,0.5,0.37,71.11,2.13,0.25,14.9,14.67,0.65,0.53
"E01006646",636,63.66,0.41,0.31,47.66,2.43,1.25,19.43,32.35,0.6,0.56
"E01006647",116,74.75,0.47,0.4,74.57,2.45,1.17,26.05,15.07,0.52,0.53
"E01006648",2130,50.54,0.3,0.23,46.95,2.4,0.98,22.86,25.92,0.48,0.54
"E01006651",23465,10.62,0.07,0.08,8.68,0.49,-0.29,11.07,8.1,0.07,0.17
"E01006652",8916,28.49,0.17,0.15,27.64,1.01,0.11,6.6,46.86,0.21,0.21
"E01006653",3947,41.88,0.29,0.24,35.07,1.59,0.48,12.46,24.6,0.37,0.35
"E01006654",7707,31.1,0.19,0.16,21.03,0.97,0.76,15.22,43.71,0.16,0.31
"E01006655",5347,37.34,0.23,0.24,23.08,1.66,-0.11,10.71,34.38,0.24,0.37
"E01006656",6568,33.88,0.2,0.18,20.78,0.87,0.65,7,64.82,0.28,0.22
"E01006657",4098,41.4,0.28,0.22,27.51,1.2,0.48,7.39,60.61,0.43,0.3
"E01006658",1282,56.53,0.36,0.32,51.47,2.01,0.54,17.17,20.06,0.45,0.44
"E01006659",832,61.1,0.36,0.34,44.52,2.7,0.8,27.24,23.21,0.4,0.43
"E01006660",3522,43.6,0.27,0.24,31.36,1.71,0.96,13.65,30.55,0.23,0.42
"E01006661",1481,54.87,0.39,0.31,55.43,1.87,-0.11,10.15,20.77,0.44,0.48
"E01006662",689,62.94,0.42,0.32,39.46,2.78,1.12,16.02,23.62,0.41,0.59
"E01006663",4015,41.65,0.29,0.23,35.89,1.78,0.36,20,16.47,0.32,0.47
"E01006664",884,60.55,0.41,0.33,47.28,1.79,0.67,17.41,38.18,0.47,0.38
"E01006665",15404,18.58,0.09,0.12,14.76,0.52,-0.57,32.11,12.04,0.11,0.14
"E01006666",20241,13.43,0.07,0.09,8.8,0.51,-1.39,29.52,8.76,0.05,0.16
"E01006667",6500,34.07,0.24,0.22,27.76,1.19,0.22,19.76,15.44,0.29,0.27
"E01006668",20243,13.43,0.09,0.09,10.62,0.64,-1.87,17.46,10.57,0.1,0.21
"E01006669",14869,19.2,0.14,0.12,16.52,0.63,-0.18,19.66,12.57,0.17,0.23
"E01006670",14103,20.16,0.15,0.13,12.63,1.01,-0.26,12.72,10.23,0.16,0.2
"E01006671",8831,28.69,0.22,0.16,26.82,1.09,0.36,17.36,8.12,0.24,0.35
"E01006672",1571,54.23,0.39,0.27,52.21,1.71,0.73,21.41,19.1,0.49,0.47
"E01006673",695,62.86,0.43,0.29,48.87,2.07,1.18,23.3,29.23,0.49,0.74
"E01006674",199,72,0.51,0.37,48.91,2.16,1.07,31.35,29.58,0.53,0.7
"E01006675",1059,58.57,0.34,0.29,20.85,2.55,1.2,19.12,62.34,0.54,0.49
"E01006676",330,68.8,0.5,0.36,57.19,2.2,0.78,17.44,31.16,0.5,0.58
"E01006677",143,74.01,0.52,0.39,72.57,2.45,0.98,17.88,25.51,0.51,0.67
"E01006678",935,59.92,0.41,0.34,40.6,2.22,0.71,14.95,19.8,0.44,0.55
"E01006679",210,71.65,0.52,0.38,60.01,2.17,0.79,29.24,23.56,0.5,0.71
"E01006680",24098,10.09,0.07,0.09,6.77,-0.02,-0.61,4.5,23.31,0.05,0.11
"E01006681",10676,25.35,0.17,0.18,14.06,1.07,-0.4,8.4,25.09,0.18,0.19
"E01006682",29037,6.13,0.03,0.06,2.92,0.01,-1.29,3.16,22.06,0.02,0.08
"E01006683",24971,9.39,0.06,0.08,4.27,0.16,-0.87,4.7,22.56,0.04,0.1
"E01006684",23751,10.37,0.06,0.07,3.77,0.15,-0.43,16.78,25.69,0.06,0.09
"E01006685",19898,13.73,0.09,0.1,4.21,0.48,-0.47,4.94,30.7,0.12,0.09
"E01006686",20142,13.51,0.08,0.1,9.3,0.57,-0.85,5.1,23.92,0.08,0.13
"E01006687",13901,20.42,0.14,0.13,6.28,0.86,0.07,21.5,14.62,0.11,0.22
"E01006688",13167,21.4,0.14,0.14,10.17,0.77,-0.53,8.04,39.13,0.13,0.2
"E01006689",21851,11.96,0.09,0.09,2.34,0.22,-0.71,12.71,28.2,0.09,0.19
"E01006690",920,60.15,0.35,0.31,52.63,1.63,1.03,14.85,59.43,0.41,0.42
"E01006691",282,69.58,0.44,0.31,55.73,1.97,1.16,13.97,66.92,0.49,0.4
"E01006692",1118,58,0.38,0.3,42,1.88,0.42,16.74,55.9,0.46,0.4
"E01006693",333,68.73,0.39,0.37,48.18,2.6,1.45,16.72,43.04,0.39,0.45
"E01006694",913,60.23,0.39,0.27,46.91,1.57,1.04,14.37,70.38,0.5,0.36
"E01006695",141,74.09,0.45,0.43,33.98,2.73,1.53,18.28,55.53,0.44,0.45
"E01006696",1311,56.24,0.35,0.27,43.43,1.97,1.17,12.85,48.03,0.34,0.42
"E01006697",673,63.19,0.39,0.28,50.05,1.69,1.42,13.73,70.12,0.37,0.39
"E01006698",2229,49.94,0.31,0.23,32.54,1.6,1.11,7.54,65.27,0.46,0.3
"E01006699",224,71.18,0.44,0.39,60.66,2.88,1.24,13.68,29.13,0.54,0.42
"E01006700",292,69.46,0.38,0.32,44.51,2.27,1.85,11.45,69.15,0.44,0.47
"E01006701",1215,57.1,0.31,0.29,37.2,2.07,1.7,13.09,45.49,0.42,0.32
"E01006702",391,67.57,0.46,0.36,62.74,2,0.79,12.82,33.31,0.61,0.43
"E01006703",111,74.83,0.46,0.42,61.06,2.61,1.52,15.6,35.02,0.58,0.46
"E01006705",591,64.19,0.38,0.3,27.75,2.12,1.63,10.21,71.25,0.55,0.28
"E01006706",387,67.63,0.44,0.36,78.66,2.07,-0.18,31.46,10.88,0.55,0.44
"E01006707",765,61.94,0.42,0.35,65.73,2.13,-0.06,16.14,10.47,0.45,0.47
"E01006708",3479,43.74,0.28,0.23,45.97,1.89,0.48,18.65,13.31,0.29,0.42
"E01006709",3358,44.23,0.31,0.26,48.16,1.62,-0.2,13.45,17.67,0.4,0.39
"E01006710",4867,38.79,0.25,0.2,38.45,1.2,-0.85,34.27,37.86,0.37,0.22
"E01006711",1591,54.06,0.29,0.29,29.88,1.99,0.89,9.27,71.87,0.28,0.41
"E01006712",5366,37.24,0.23,0.18,23.46,1.28,0.45,5.42,64.31,0.32,0.3
"E01006713",5123,38.02,0.22,0.19,26.02,1.08,0.53,5.3,71.25,0.27,0.24
"E01006716",2445,48.86,0.29,0.24,39.16,2.01,0.9,14.74,43.51,0.3,0.39
"E01006717",7722,31.07,0.18,0.17,14.55,0.93,1.26,7.23,38.37,0.22,0.21
"E01006718",5828,35.84,0.23,0.19,20.1,1.02,0.59,8.17,60.9,0.27,0.27
"E01006719",8572,29.28,0.2,0.15,18.56,0.8,0.52,5.22,54.31,0.29,0.25
"E01006720",807,61.33,0.38,0.25,63.32,2.1,1.01,14.15,57.66,0.5,0.45
"E01006721",1071,58.49,0.38,0.28,58.34,1.91,0.55,15.45,47.59,0.57,0.45
"E01006722",7674,31.18,0.17,0.1,38.89,1.28,0.51,14.69,51.36,0.39,0.36
"E01006723",5271,37.58,0.2,0.14,33.26,1.58,0.47,12.87,64.18,0.49,0.35
"E01006724",17199,16.51,0.09,0.06,12.13,0.52,0.37,13.96,43.26,0.25,0.16
"E01006725",4038,41.58,0.28,0.22,36.95,1.64,-0.03,12.57,41.73,0.34,0.37
"E01006726",4456,40.19,0.28,0.18,40.97,1.19,0.85,11.2,47.33,0.52,0.33
"E01006727",6236,34.77,0.2,0.17,23.13,0.81,0.53,15.02,71.13,0.29,0.23
"E01006728",914,60.22,0.38,0.27,56.15,2.22,0.47,13.93,61.98,0.48,0.46
"E01006729",1611,53.95,0.38,0.28,54.53,1.74,0.61,13.18,24.26,0.46,0.46
"E01006730",1336,56.06,0.36,0.32,55.57,1.87,0.36,12.53,29.73,0.35,0.44
"E01006731",1570,54.23,0.35,0.31,49.78,2.01,0.42,11.39,24.39,0.36,0.43
"E01006732",690,62.91,0.48,0.33,55.73,1.79,0.42,19.74,22.64,0.61,0.42
"E01006734",684,62.97,0.44,0.33,48.27,2.13,0.93,15.93,18.83,0.57,0.5
"E01006735",808,61.29,0.42,0.33,51.45,1.94,0.78,16.24,23.24,0.52,0.51
"E01006736",2651,47.7,0.35,0.26,45.91,1.53,0.39,15.68,23.34,0.51,0.43
"E01006737",2524,48.44,0.32,0.27,47.2,1.92,0.27,16.99,20.4,0.36,0.45
"E01006738",2391,49.11,0.33,0.26,53.74,1.5,0.17,15.62,38.78,0.45,0.37
"E01006739",1142,57.68,0.44,0.33,61.31,1.46,-0.17,13.3,16.1,0.59,0.43
"E01006740",1418,55.37,0.36,0.28,60.96,1.82,0.71,18.03,25.21,0.45,0.45
"E01006741",1941,51.63,0.33,0.29,60.35,1.69,0.36,10.4,31.52,0.38,0.39
"E01006742",5914,35.61,0.23,0.2,27.43,1.31,0.3,10.3,43.01,0.26,0.34
"E01006743",7364,31.89,0.22,0.17,31.26,1.47,-0.44,12.95,30.41,0.31,0.32
"E01006744",5810,35.89,0.24,0.19,27.03,1.11,0.43,11.65,51.05,0.31,0.32
"E01006745",4459,40.17,0.25,0.22,26.26,1.3,0.35,13.63,56.25,0.34,0.29
"E01006746",1880,51.99,0.34,0.24,43.77,1.84,1.22,19.08,33.98,0.52,0.52
"E01006747",7986,30.51,0.1,0.06,40.48,1.77,-0.05,23.26,61.81,0.26,0.53
"E01006748",6157,34.99,0.19,0.13,44.89,1.51,-0.43,18.77,56.3,0.43,0.43
"E01006751",3345,44.32,0.29,0.17,50.86,2.04,0.17,27.9,30.64,0.48,0.62
"E01006752",1455,55.07,0.3,0.28,42.78,1.71,1.72,16.28,44.36,0.35,0.37
"E01006753",924,60.14,0.4,0.3,68.87,1.65,0.76,16.37,25.99,0.54,0.47
"E01006754",1401,55.53,0.35,0.28,66.67,1.92,0.3,19.31,25.97,0.4,0.52
"E01006755",443,66.65,0.42,0.31,86.66,2.37,0.73,15.78,21.41,0.5,0.53
"E01006756",1334,56.07,0.39,0.3,61.01,1.68,0.52,17.35,19.73,0.43,0.45
"E01006757",1384,55.68,0.41,0.29,55.48,1.82,0.35,15.73,17.83,0.48,0.51
"E01006758",1029,58.88,0.4,0.29,67.9,1.73,0.44,15.38,32.36,0.49,0.42
"E01006759",2333,49.35,0.25,0.24,27.41,1.25,2.6,12.95,63.49,0.22,0.38
"E01006760",28,80.37,0.45,0.45,47.87,3.29,2.26,15.26,74.27,0.57,0.45
"E01006761",757,62.01,0.34,0.32,41.56,1.98,1.68,12.19,53.75,0.37,0.34
"E01006762",1758,52.81,0.34,0.25,55.33,1.92,0.81,12.47,38.75,0.44,0.35
"E01006763",3291,44.55,0.31,0.22,35.78,1.48,0.71,7.82,50.82,0.35,0.34
"E01006764",874,60.68,0.38,0.29,33.38,1.83,1.74,11.15,52.45,0.4,0.34
"E01006765",2709,47.43,0.27,0.23,27.85,1.59,1.49,6.66,57.12,0.31,0.3
"E01006766",165,72.96,0.43,0.34,59.36,2.11,1.69,12.04,59.04,0.53,0.35
"E01006767",959,59.57,0.38,0.29,33.95,1.88,1.75,12.11,46.19,0.54,0.4
"E01006768",1621,53.86,0.3,0.3,22.86,1.62,1.59,13.06,53.27,0.41,0.19
"E01006769",1368,55.85,0.4,0.33,49.98,1.99,-0.25,10.78,19.06,0.43,0.49
"E01006770",2430,48.94,0.38,0.28,50.04,1.45,-0.1,15.6,20.43,0.45,0.46
"E01006771",552,64.78,0.4,0.34,65.18,1.95,0.47,33.03,24.18,0.39,0.53
"E01006772",5735,36.08,0.23,0.23,39.75,1.28,0.02,15.39,18.8,0.19,0.33
"E01006773",17626,16.01,0.11,0.12,10.54,0.52,-0.7,4.83,23.65,0.11,0.19
"E01006774",22156,11.7,0.11,0.09,7.71,0.16,-0.73,8.36,13.45,0.14,0.2
"E01006775",701,62.81,0.4,0.34,77.2,2.32,-0.36,18.86,13,0.45,0.52
"E01006776",2930,46.2,0.32,0.27,44.38,1.75,0.3,17.28,13.76,0.37,0.41
"E01006778",214,71.53,0.44,0.37,68.41,2.38,1.14,16.7,33.26,0.55,0.53
"E01006779",198,72.02,0.48,0.38,76.98,2.83,0.72,19.81,14.11,0.55,0.53
"E01006780",7816,30.87,0.16,0.15,29.03,1.03,0.73,7.63,48.79,0.22,0.17
"E01006781",13650,20.77,0.1,0.14,16.36,0.81,0.4,5.11,26.93,0.08,0.13
"E01006782",5158,37.94,0.21,0.19,27.37,1.13,0.85,7.21,62.86,0.22,0.22
"E01006783",5559,36.65,0.23,0.19,24.81,1.32,0.52,5.66,55.65,0.24,0.33
"E01006784",8074,30.35,0.17,0.15,12.8,1.08,0.35,3.54,64.75,0.13,0.32
"E01006785",4334,40.63,0.25,0.21,23.12,1.21,0.68,16.46,65.32,0.38,0.26
"E01006786",8352,29.75,0.14,0.17,20.38,1.11,1.01,5.46,36.96,0.15,0.15
"E01006787",1624,53.82,0.27,0.29,46.88,1.91,0.81,22.05,55.41,0.33,0.31
"E01006788",7461,31.64,0.22,0.17,22.13,1.02,0.17,10.22,48.32,0.34,0.19
"E01006790",408,67.27,0.43,0.35,38.97,2.3,1.51,13.67,40.42,0.54,0.49
"E01006791",798,61.45,0.41,0.36,46.33,2.03,0.69,11.24,29.63,0.48,0.46
"E01006792",25260,9.15,0.06,0.08,1.67,-0.05,-0.69,19.4,16.88,0.07,0.06
"E01006793",10560,25.53,0.19,0.18,12.27,0.84,-0.38,16.42,25.14,0.19,0.23
"E01006794",19118,14.51,0.09,0.1,9.43,0.17,-0.15,9.51,31.05,0.11,0.11
"E01006795",21872,11.94,0.07,0.09,5.69,0.4,-0.44,3.28,24.43,0.08,0.1
"E01006796",27668,7.26,0.04,0.05,1.84,-0.13,-0.11,23.9,10.98,0.03,0.05
"E01006797",4563,39.81,0.25,0.25,29.59,1.67,-0.01,17.76,22.56,0.26,0.33
"E01006798",20719,12.96,0.1,0.1,9.74,0.23,-0.57,8.8,19.41,0.12,0.14
"E01006799",8124,30.26,0.25,0.21,12.49,1.11,-0.78,10.63,26.5,0.22,0.33
"E01006800",21134,12.57,0.08,0.12,5.65,0.24,-0.53,11.16,12.76,0.06,0.1
"E01006801",21501,12.25,0.09,0.08,8.84,0.47,-0.9,14.98,15.63,0.07,0.15
"E01032505",6574,33.87,0.22,0.18,28.28,0.89,0.22,37.7,20.65,0.34,0.23
"E01032506",5168,37.91,0.23,0.2,25.6,1.59,-0.06,9.95,53.51,0.31,0.29
"E01032507",10486,25.67,0.18,0.13,17.6,0.93,-0.38,7.2,51.67,0.3,0.28
"E01032508",1002,59.12,0.36,0.27,57.37,1.91,1.12,11.81,54.13,0.42,0.47
"E01032509",1251,56.82,0.36,0.26,45.37,1.64,1.08,10.35,69.36,0.49,0.38
"E01032510",4740,39.25,0.24,0.19,32.06,1.43,0.74,11,49.88,0.32,0.27
"E01032511",4319,40.67,0.26,0.21,42.61,1.39,0.11,32,21.62,0.39,0.27
"E01033747",29,80.32,0.51,0.44,71.32,2.77,1.85,16.56,37.65,0.52,0.51
"E01033748",16004,17.87,0.07,0.05,14.58,0.93,-0.8,38.77,25.66,0.21,0.21
"E01033749",22984,11.02,0.02,0.01,8.14,0.82,-0.66,28.88,15.94,0.14,0.23
"E01033750",20066,13.58,0.05,0.04,6.92,0.33,0.34,31.67,29.33,0.12,0.21
"E01033751",5021,38.36,0.19,0.13,43.35,1.92,0.7,22.16,43.66,0.67,0.5
"E01033752",17254,16.45,0.03,0.03,16.12,0.66,-0.19,23.6,57.84,0.04,0.14
"E01033753",18180,15.46,0.02,0.02,7.79,0.76,-1.38,32.02,52.69,0.06,0.27
"E01033754",6946,32.93,0.16,0.1,22.44,1.16,1.61,22.26,45.57,0.48,0.46
"E01033755",16185,17.65,0.02,0.02,8.58,0.95,0.5,14.89,61.99,0.06,0.12
"E01033756",12319,22.61,0.04,0.04,7.98,0.64,1.63,29.07,51.79,0.05,0.1
"E01033757",5493,36.87,0.18,0.14,37.17,1.83,0.33,25.36,45.82,0.49,0.54
"E01033758",6121,35.07,0.11,0.07,24.56,2.26,0.82,29.04,61.33,0.22,0.43
"E01033759",1582,54.12,0.37,0.28,40.6,1.81,0.94,9.15,38.75,0.47,0.39
"E01033760",7585,31.37,0.03,0.03,36.8,0.89,1.66,33.58,74.25,0.08,0.52
"E01033761",9835,26.79,0.04,0.03,6.32,1.13,2.53,18.14,70.28,0.39,0.22
"E01033762",9976,26.54,0.1,0.05,17.74,1.47,0.84,32.1,42.77,0.92,0.57
"E01033763",285,69.53,0.41,0.35,61.14,2.74,1.07,19.33,39.86,0.47,0.58
"E01033764",72,76.87,0.51,0.45,63.81,2.73,1.63,15.95,24.61,0.53,0.6
"E01033765",1212,57.11,0.39,0.3,57.94,1.91,0.74,15.01,13.97,0.46,0.5
"E01033766",15356,18.65,0.12,0.08,10.79,0.66,-0.19,6.22,50.17,0.23,0.25
"E01033767",858,60.87,0.42,0.31,51.03,2.02,0.02,11.61,48.54,0.62,0.47
"E01033768",2592,48.06,0.28,0.26,24.18,1.9,0.68,21.84,50.58,0.3,0.55
